{"num_leaves": 91, "lambda_l1": 9.926003135087209, "lambda_l2": 8.233913315406651, "feature_fraction": 0.11899596212065212, "bagging_fraction": 0.5907153247574968, "bagging_freq": 7, "min_child_samples": 28, "min_sum_hessian_in_leaf": 9.905100103257436}